id,name,kind,lat,lon
n11099578968,"(名称なし n11099578968)",bus_stop,35.6828519,139.3542478
n7832768649,"GMGゴルフ場",bus_stop,35.6991771,139.2680627
n4352241796,"JA八王子前",bus_stop,35.6378075,139.3071611
n4352296090,"JA八王子前",bus_stop,35.6380508,139.3046042
n2218020701,"JR片倉駅",bus_stop,35.6400220,139.3415760
n8692219176,"NEC団地北",bus_stop,35.6416402,139.3746359
n8692219216,"NEC団地東",bus_stop,35.6409403,139.3759651
n11097588500,"あったかホール",bus_stop,35.6560793,139.3523385
n2329378995,"あったかホール前",bus_stop,35.6547041,139.3516718
n4829141501,"あったかホール前",bus_stop,35.6551183,139.3509570
n6172961994,"いちょうホール前",bus_stop,35.6620743,139.3325724
n9697872169,"いちょうホール北(ミットレーベン穂高前)",bus_stop,35.6630077,139.3334844
n3222865215,"くぬぎ沢橋",bus_stop,35.6672542,139.1936551
n6417948521,"けやき公園前",bus_stop,35.6640501,139.2723635
n4831100521,"こぶし公園",bus_stop,35.6225925,139.3829530
n5857619637,"さくら台団地中央",bus_stop,35.6603645,139.2955550
n5857619639,"さくら台団地入口",bus_stop,35.6584040,139.2960378
n8664618654,"さんもり橋",bus_stop,35.6280555,139.3846144
n11097601622,"すずかけ公園入口",bus_stop,35.6354004,139.3468472
n3500853008,"せせらぎ橋",bus_stop,35.6163138,139.3967786
n3311638229,"だいり谷戸公園",bus_stop,35.6084114,139.3699338
n6652486055,"とちのき公園",bus_stop,35.6628639,139.2747532
n3098318125,"とちのき坂",bus_stop,35.6495208,139.3377873
n12195554949,"とりよせ公園",bus_stop,35.6353687,139.3562721
n2686149274,"のぼり川",bus_stop,35.6734989,139.2867156
n6318935363,"ふれあい東緑道",bus_stop,35.6352554,139.4031523
n2600846109,"ほたる公園",bus_stop,35.6419848,139.3713526
n9697872168,"みずき通り",bus_stop,35.6603707,139.3336162
n7811337728,"みつい台",bus_stop,35.6808130,139.3274789
n4818275153,"みなみ野シティ中央",bus_stop,35.6238233,139.3200205
n4818275154,"みなみ野シティ中央",bus_stop,35.6230471,139.3204689
n4818275149,"みなみ野五丁目北",bus_stop,35.6294056,139.3216905
n4818275150,"みなみ野五丁目北",bus_stop,35.6289325,139.3212575
n4818275151,"みなみ野五丁目南",bus_stop,35.6257151,139.3197647
n4818275152,"みなみ野五丁目南",bus_stop,35.6266704,139.3196169
n2218742156,"みなみ野大橋",bus_stop,35.6325508,139.3332348
n4829411196,"みよし坂上",bus_stop,35.6523346,139.3307350
n7833030447,"めぐみ野",bus_stop,35.6309058,139.3739243
n3926608858,"めじろ台一丁目",bus_stop,35.6468665,139.3115000
n8579571745,"めじろ台二丁目",bus_stop,35.6392718,139.3125295
n3926569462,"めじろ台南",bus_stop,35.6409407,139.3081567
n1396210407,"めじろ台駅",bus_stop,35.6434369,139.3072917
n4829029514,"ゆりのき台",bus_stop,35.6237172,139.2989571
n4829029506,"ゆりのき通り",bus_stop,35.6303014,139.3021069
n4829029507,"ゆりのき通り",bus_stop,35.6289715,139.3020260
n12195554945,"わかば公園",bus_stop,35.6336317,139.3537317
n4828372438,"わかば公園",bus_stop,35.6339878,139.3545334
n13717569993,"イオン八王子滝山",bus_stop,35.6840422,139.3401578
n4352293791,"イーアス高尾",bus_stop,35.6423162,139.2900175
n4352366389,"イーアス高尾",bus_stop,35.6419641,139.2891433
n9591155589,"カインズ八王子長房店前(児童館前)",bus_stop,35.6572276,139.2986939
n2686144612,"グリーンタウン高尾",bus_stop,35.6727446,139.2748099
n4352180198,"グリーンヒル寺田",bus_stop,35.6217423,139.3016314
n4352185789,"グリーンヒル寺田",bus_stop,35.6215757,139.3024197
n2128593624,"ケンウッド前",bus_stop,35.6733004,139.3626445
n5493838502,"コンセール住宅",bus_stop,35.6535947,139.2729958
n6831568225,"コープタウン松が谷",bus_stop,35.6262783,139.4123949
n11099578975,"コーポランド北",bus_stop,35.6851251,139.3530824
n11099578978,"コーポランド東",bus_stop,35.6849113,139.3545660
n2383951399,"ゴルフ場入口",bus_stop,35.6989422,139.2979446
n5987681291,"サイエンスドーム",bus_stop,35.6643895,139.3297157
n5403277150,"ジェイビス(JVIS)前",bus_stop,35.6705824,139.3017397
n5433213575,"ジェイビス(JVIS)前",bus_stop,35.6692279,139.3015715
n2686135976,"タウン中央",bus_stop,35.6701863,139.2691954
n3191170961,"タウン入口",bus_stop,35.6679530,139.2663360
n4921510321,"タウン入口",bus_stop,35.6684277,139.2643254
n6187426415,"タウン入口",bus_stop,35.6687315,139.2657707
n2686143154,"タウン東",bus_stop,35.6719145,139.2734511
n4754233321,"バイパス大谷",bus_stop,35.6726240,139.3534460
n7795545453,"バイパス大谷",bus_stop,35.6733940,139.3534706
n3061075789,"バスロータリー",bus_stop,35.6785528,139.2325983
n3311638241,"パークフィーネ前",bus_stop,35.6098308,139.3662650
n8692219215,"ヒルサイドテラス前",bus_stop,35.6396051,139.3751417
n3323517475,"フェアヒルズ入口",bus_stop,35.6258888,139.3916007
n6439044939,"ホーメストタウン",bus_stop,35.6634368,139.2775736
n6439044940,"ホーメストタウン",bus_stop,35.6626958,139.2787565
n6439044941,"ホーメストタウン北",bus_stop,35.6652158,139.2744732
n3289748468,"モノレール松が谷駅(山根入)",bus_stop,35.6311250,139.4226006
n4417262289,"一本松",bus_stop,35.6798317,139.3081659
n6319746288,"七号棟前",bus_stop,35.6256566,139.2860157
n4818275155,"七国",bus_stop,35.6217572,139.3208599
n4818275156,"七国",bus_stop,35.6209800,139.3213198
n4352142194,"七国二丁目",bus_stop,35.6187313,139.3261002
n4352162089,"七国二丁目",bus_stop,35.6185186,139.3243177
n4352159890,"七国南",bus_stop,35.6194356,139.3225378
n4352162090,"七国南",bus_stop,35.6198672,139.3216904
n4828891497,"万町",bus_stop,35.6554603,139.3329683
n1140282350,"万町一丁目",bus_stop,35.6526996,139.3331765
n2345124080,"万町一丁目",bus_stop,35.6521166,139.3339216
n1140282340,"万町二丁目",bus_stop,35.6515084,139.3336175
n2383923808,"三井アウトレットパーク",bus_stop,35.6153280,139.3758816
n2637865923,"三井アウトレットパーク",bus_stop,35.6147757,139.3765716
n6319746287,"三号棟前",bus_stop,35.6268706,139.2854707
n9697872166,"三崎町",bus_stop,35.6577362,139.3356352
n3311638225,"三徳プラザ前",bus_stop,35.6130699,139.3693199
n2686118910,"三村橋",bus_stop,35.6668732,139.3026363
n1456996872,"三田",bus_stop,35.6420026,139.3009851
n5382286760,"上壱分方入口",bus_stop,35.6786468,139.2861401
n3926558357,"上大船",bus_stop,35.6190318,139.3149159
n4818403757,"上寺田",bus_stop,35.6197012,139.2971546
n4818403758,"上寺田",bus_stop,35.6203449,139.2975961
n4828624166,"上小比企",bus_stop,35.6378534,139.3180750
n2686125440,"上小田野",bus_stop,35.6730212,139.2639534
n3070288950,"上川原宿",bus_stop,35.6702730,139.2572016
n4071136490,"上川口小学校",bus_stop,35.7051076,139.2497840
n3124346323,"上川霊園",bus_stop,35.7090153,139.2558726
n1956706521,"上戸吹",bus_stop,35.7095740,139.2904634
n2383925630,"上柚木",bus_stop,35.6222130,139.3708320
n4830989148,"上柚木",bus_stop,35.6220649,139.3699306
n4830959676,"上柚木公園",bus_stop,35.6200781,139.3729326
n4830959672,"上柚木小学校",bus_stop,35.6164251,139.3704129
n7832768639,"上榎木",bus_stop,35.6900431,139.2847248
n3047557463,"上野原",bus_stop,35.6794200,139.2622970
n4829411201,"上野町三丁目",bus_stop,35.6543130,139.3275081
n4000222958,"上館",bus_stop,35.6353966,139.2878767
n4829009019,"上館",bus_stop,35.6347065,139.2882169
n4829009020,"上館",bus_stop,35.6339130,139.2872217
n3926550179,"下大船",bus_stop,35.6281652,139.3139762
n3926570557,"下寺田",bus_stop,35.6318477,139.3120025
n4828943988,"下小比企",bus_stop,35.6440394,139.3310168
n3222865217,"下川井野",bus_stop,35.6699980,139.2066563
n1956706529,"下戸吹",bus_stop,35.7058749,139.3040542
n4831100523,"下柚木小学校",bus_stop,35.6211422,139.3818880
n4831100524,"下柚木小学校",bus_stop,35.6205135,139.3805857
n4921494821,"下案下",bus_stop,35.6655975,139.1930378
n8579571746,"下椚田公園",bus_stop,35.6403520,139.3161704
n2218298426,"下犬目",bus_stop,35.6862705,139.3102732
n6618384643,"下田",bus_stop,35.6254948,139.3673109
n2686120202,"下諏訪宿",bus_stop,35.6740159,139.2933983
n2421562615,"並木町",bus_stop,35.6534264,139.3036538
n2421564226,"並木町",bus_stop,35.6538870,139.3041930
n4835651617,"中大西門",bus_stop,35.6399723,139.4017485
n6831440986,"中大隧道",bus_stop,35.6407918,139.4111307
n4829029508,"中央公園",bus_stop,35.6271088,139.3008345
n4829029509,"中央公園",bus_stop,35.6262819,139.3003777
n6652486054,"中央公園",bus_stop,35.6650234,139.2759736
n2421571801,"中央図書館前",bus_stop,35.6567880,139.3101080
n2421574583,"中央図書館前",bus_stop,35.6571180,139.3109997
n4835651606,"中央大学",bus_stop,35.6389480,139.4031041
n6655154682,"中央道八王子",bus_stop,35.6660392,139.2965133
n7832671436,"中央道八王子バス停下",bus_stop,35.6650442,139.2968591
n7832671437,"中央道八王子バス停下",bus_stop,35.6647108,139.2973875
n4829411214,"中寺田",bus_stop,35.6260512,139.3049852
n2828431904,"中小比企",bus_stop,35.6408160,139.3224000
n3061075799,"中小津",bus_stop,35.6783556,139.2383635
n2686123321,"中小田野",bus_stop,35.6759368,139.2681741
n7833037657,"中山",bus_stop,35.6276488,139.3631320
n8688090119,"中横川",bus_stop,35.6648723,139.3018576
n2218296432,"中犬目",bus_stop,35.6893650,139.3065355
n4417198897,"中野",bus_stop,35.6697420,139.3199740
n11101906169,"中野さつき公園",bus_stop,35.6715662,139.3184962
n11101906170,"中野さつき公園",bus_stop,35.6717104,139.3192854
n11099629017,"中野上町5丁目",bus_stop,35.6739505,139.3158842
n11099629015,"中野上町北",bus_stop,35.6761528,139.3169335
n4417261490,"中野上町郵便局(高尾ポテト前)",bus_stop,35.6684085,139.3220059
n2383946440,"中野北小学校",bus_stop,35.6742582,139.3259312
n2383946495,"中野団地",bus_stop,35.6761677,139.3211227
n6497406301,"中野山王",bus_stop,35.6729979,139.3296259
n7832698031,"中野市民センター",bus_stop,35.6815022,139.3178054
n2289102464,"丹木1丁目",bus_stop,35.6939838,139.3313918
n4754168322,"丹木2丁目",bus_stop,35.6954180,139.3289635
n4071103689,"久保橋",bus_stop,35.7053240,139.2471650
n4071140689,"久保橋",bus_stop,35.7053270,139.2461930
n4089365307,"九反甫公園",bus_stop,35.6060692,139.3768870
n2686120745,"二分方入口",bus_stop,35.6774042,139.2860808
n5365737385,"二分方入口",bus_stop,35.6779086,139.2850809
n2686152445,"二分方小学校",bus_stop,35.6725879,139.2897688
n3144003398,"二本杉",bus_stop,35.7006228,139.2342218
n3144003399,"二本杉",bus_stop,35.7002052,139.2356668
n2062614626,"京王八王子駅",bus_stop,35.6581505,139.3430230
n6319946113,"京王八王子駅",bus_stop,35.6572096,139.3425427
n1990946422,"京王堀之内駅",bus_stop,35.6245956,139.4011902
n4071136489,"今熊",bus_stop,35.7110848,139.2365408
n7832815852,"今熊山登山口",bus_stop,35.7119825,139.2343093
n3050760699,"仲井",bus_stop,35.6984185,139.2382940
n2686167709,"住宅中央",bus_stop,35.6675580,139.3097743
n2686164908,"住宅北",bus_stop,35.6688080,139.3059860
n2686165004,"住宅北",bus_stop,35.6690420,139.3068930
n3191165661,"佐戸",bus_stop,35.6675396,139.2370865
n3339044208,"佐貫",bus_stop,35.6865365,139.3048038
n4740998227,"信松院",bus_stop,35.6563797,139.3221017
n4740998228,"信松院",bus_stop,35.6566090,139.3214400
n7695056398,"元八1丁目",bus_stop,35.6658241,139.2892653
n6417983656,"元八2丁目",bus_stop,35.6599672,139.2827791
n6417970974,"元八2丁目北",bus_stop,35.6628645,139.2819871
n2686153335,"元八事務所",bus_stop,35.6721484,139.2915907
n6432126761,"元八事務所",bus_stop,35.6712380,139.2933811
n9399512592,"元八事務所",bus_stop,35.6716175,139.2939885
n5379882774,"元八王子市民センター",bus_stop,35.6829737,139.2862551
n3064104756,"元木",bus_stop,35.6797629,139.2677984
n2686186529,"元本郷一丁目",bus_stop,35.6645242,139.3215913
n6172961996,"元横山2丁目",bus_stop,35.6618969,139.3366515
n7811337730,"元横山2丁目",bus_stop,35.6619878,139.3354092
n9697872171,"元横山町1丁目",bus_stop,35.6634573,139.3377176
n3311638242,"児童公園前",bus_stop,35.6107363,139.3673411
n2421608637,"八日町一丁目",bus_stop,35.6600195,139.3325332
n2421608264,"八日町四丁目",bus_stop,35.6602338,139.3297103
n4907041226,"八日町四丁目",bus_stop,35.6606527,139.3287285
n4503681220,"八王子みなみ野駅",bus_stop,35.6308908,139.3299686
n4489812999,"八王子南郵便局",bus_stop,35.6333336,139.3307807
n2370013457,"八王子城跡",bus_stop,35.6561630,139.2621239
n2218458656,"八王子工業団地",bus_stop,35.6719767,139.3685947
n7823587657,"八王子市役所",bus_stop,35.6660850,139.3151439
n7823587658,"八王子市役所",bus_stop,35.6666977,139.3152128
n4704863192,"八王子東特別支援学校",bus_stop,35.6786248,139.3750678
n2686183374,"八王子警察署前",bus_stop,35.6648242,139.3186181
n4829141490,"八王子車庫",bus_stop,35.6481857,139.3602722
n2375751571,"八王子郵便局",bus_stop,35.6664393,139.3409838
n6436321136,"八王子霊園南門",bus_stop,35.6577027,139.2682971
n2139783241,"八王子駅北口",bus_stop,35.6566462,139.3391365
n2139828911,"八王子駅北口(降車場)",bus_stop,35.6570052,139.3396193
n2257766325,"八王子駅南口",bus_stop,35.6542179,139.3387619
n12195554967,"公園前",bus_stop,35.6276983,139.3513498
n8911584021,"公園前",bus_stop,35.6280093,139.3522829
n4829141487,"六万坊",bus_stop,35.6493757,139.3474118
n7822800317,"共立女子学園南口",bus_stop,35.6570012,139.2924216
n4686657502,"兵衛二丁目",bus_stop,35.6231820,139.3339574
n6434116514,"出羽橋",bus_stop,35.6579428,139.2826124
n2686121924,"切通し",bus_stop,35.6817615,139.2767285
n2421524831,"初沢会館･大光寺",bus_stop,35.6406950,139.2814350
n2421525726,"初沢会館･大光寺",bus_stop,35.6409975,139.2804514
n3500853062,"別所一丁目",bus_stop,35.6134281,139.3900740
n3500853063,"別所一丁目",bus_stop,35.6145601,139.3897377
n3500853064,"別所小学校",bus_stop,35.6140545,139.3972872
n3500853065,"別所小学校",bus_stop,35.6147608,139.3973771
n3500853066,"別所谷戸",bus_stop,35.6185074,139.3969836
n4830989147,"前田橋",bus_stop,35.6232038,139.3739075
n2206163623,"創価大学創大門",bus_stop,35.6924612,139.3277704
n3339044207,"創価大学栄光門",bus_stop,35.6898823,139.3241104
n5987681307,"創価大正門・富士美術館",bus_stop,35.6879555,139.3303976
n3060751443,"力石",bus_stop,35.6743262,139.2209899
n4754143223,"加住小学校",bus_stop,35.7005895,139.3174870
n8687032361,"北の根東(川口町)",bus_stop,35.6920934,139.2910146
n11097619158,"北八王子駅",bus_stop,35.6693151,139.3628213
n2128677558,"北八王子駅入口",bus_stop,35.6681301,139.3589742
n11097588493,"北野公園",bus_stop,35.6481979,139.3582861
n10053227599,"北野台一丁目",bus_stop,35.6339218,139.3569854
n12195554919,"北野台三丁目",bus_stop,35.6251754,139.3505235
n12195554943,"北野台五丁目",bus_stop,35.6328546,139.3506804
n4828372439,"北野台五丁目",bus_stop,35.6331959,139.3515112
n2991959933,"北野天神",bus_stop,35.6483549,139.3514902
n11097588496,"北野駅前通り",bus_stop,35.6470013,139.3548624
n2391427855,"北野駅北口",bus_stop,35.6449326,139.3539957
n11096375839,"北野駅南口",bus_stop,35.6449366,139.3526819
n4829029502,"北館ヶ丘",bus_stop,35.6310480,139.2874490
n4829029501,"医療センター",bus_stop,35.6311594,139.2902111
n11102039363,"千人町一丁目",bus_stop,35.6595596,139.3155503
n2421596730,"千人町一丁目",bus_stop,35.6598557,139.3164147
n8579571744,"協力橋",bus_stop,35.6210172,139.3677133
n3311638243,"南大沢四丁目",bus_stop,35.6126239,139.3780453
n3500853068,"南大沢団地",bus_stop,35.6058450,139.3811957
n3311638227,"南大沢学園前",bus_stop,35.6075395,139.3681052
n4831471217,"南大沢学園前",bus_stop,35.6080176,139.3669924
n4089365308,"南大沢小学校",bus_stop,35.6072792,139.3746953
n11654521099,"南大沢駅",bus_stop,35.6137931,139.3807637
n3926550164,"南大船",bus_stop,35.6228631,139.3144087
n3657606926,"南大通り",bus_stop,35.6556195,139.3261810
n2828445001,"南山田",bus_stop,35.6426175,139.3197645
n10268104253,"南新町",bus_stop,35.6588578,139.3283604
n4741047524,"南町",bus_stop,35.6588400,139.3334920
n4828891498,"南町",bus_stop,35.6581289,139.3332445
n7833017857,"南陽台",bus_stop,35.6317356,139.3722222
n7833030446,"南陽台",bus_stop,35.6316813,139.3710423
n7833017860,"南陽台中央",bus_stop,35.6346586,139.3782772
n7833017862,"南陽台中央",bus_stop,35.6342401,139.3770863
n7833017858,"南陽台商店街",bus_stop,35.6332108,139.3747250
n2686119573,"叶谷",bus_stop,35.6708410,139.2984770
n4417518369,"叶谷",bus_stop,35.6715578,139.2978394
n3124300007,"同友会ホーム",bus_stop,35.7061968,139.2553022
n6831440994,"向山緑地",bus_stop,35.6403797,139.4124703
n4829009012,"和田",bus_stop,35.6353943,139.3009440
n7823077460,"唐松",bus_stop,35.6848304,139.3007613
n7823077461,"唐松",bus_stop,35.6850247,139.3000675
n2206163634,"善太郎坂下",bus_stop,35.6946372,139.3233211
n2686119798,"四谷",bus_stop,35.6727694,139.2962562
n4416023489,"四谷",bus_stop,35.6727762,139.2952235
n5392725058,"四谷並木橋",bus_stop,35.6775050,139.2985123
n5426623221,"四谷並木橋",bus_stop,35.6790767,139.2989303
n11102583129,"四谷中入口",bus_stop,35.6748774,139.2970274
n11102583130,"四谷中入口",bus_stop,35.6759587,139.2974279
n5379998575,"四谷北",bus_stop,35.6795950,139.2971875
n2144962152,"団地入口",bus_stop,35.6689306,139.3534757
n3064379649,"団地南",bus_stop,35.6857671,139.2689732
n3064379651,"団地南",bus_stop,35.6853438,139.2679363
n6432371763,"団地東",bus_stop,35.6886422,139.2699096
n6432371764,"団地東",bus_stop,35.6884766,139.2690567
n6432371759,"団地西",bus_stop,35.6875507,139.2648698
n3064411771,"圏央道上川橋",bus_stop,35.6984030,139.2701154
n11097601612,"在宅サービスセンター",bus_stop,35.6463450,139.3640263
n4818275147,"地域センターみなみ野",bus_stop,35.6311756,139.3247638
n4818275148,"地域センターみなみ野",bus_stop,35.6306428,139.3239800
n12195554920,"坂上",bus_stop,35.6276167,139.3490647
n2218268909,"城山中入口",bus_stop,35.6728434,139.2816733
n6482468758,"城山大橋",bus_stop,35.6544391,139.2776352
n6434116521,"城山手",bus_stop,35.6561540,139.2844305
n7041698829,"城山手こぶし公園",bus_stop,35.6519033,139.2860449
n6434116517,"城山手中央",bus_stop,35.6533399,139.2852758
n6434116518,"城山手中央",bus_stop,35.6533740,139.2862314
n6223992293,"城山手入口",bus_stop,35.6547159,139.2875619
n6434116519,"城山手西",bus_stop,35.6546650,139.2840823
n1990948268,"堀之内二丁目",bus_stop,35.6288452,139.3977469
n1996724917,"堰場(モノレール駅入口)",bus_stop,35.6375235,139.4169366
n2823931201,"堰場(モノレール駅入口)",bus_stop,35.6366994,139.4167593
n8687032378,"変電所",bus_stop,35.6904533,139.3032222
n2568017141,"夕焼小焼",bus_stop,35.6703685,139.2143033
n4828372441,"多摩丘陵",bus_stop,35.6394308,139.3570165
n4828372442,"多摩丘陵",bus_stop,35.6397676,139.3578051
n7803452426,"多摩大橋",bus_stop,35.6900835,139.3687718
n11099578992,"多摩病院",bus_stop,35.6786218,139.3263862
n4828412350,"多摩美大前",bus_stop,35.6134646,139.3506597
n4828412352,"多摩美大前",bus_stop,35.6132940,139.3500135
n6318743341,"多摩美大東",bus_stop,35.6117330,139.3517049
n3941093679,"多摩美術大学",bus_stop,35.6126398,139.3510574
n2686178388,"多賀公園入口",bus_stop,35.6653413,139.3133500
n3119924782,"大下",bus_stop,35.6395934,139.2374646
n3191166961,"大久保",bus_stop,35.6667300,139.2475420
n2034283574,"大和田",bus_stop,35.6622442,139.3498153
n2206232547,"大和田7丁目",bus_stop,35.6676151,139.3446426
n2062621043,"大和田二丁目",bus_stop,35.6641779,139.3592925
n10604181087,"大和田団地下",bus_stop,35.6669678,139.3473686
n10604226524,"大和田団地下",bus_stop,35.6664509,139.3501903
n2099528214,"大和田坂上",bus_stop,35.6656781,139.3630076
n2172791483,"大和田坂上",bus_stop,35.6652740,139.3624640
n2034284102,"大和田坂下",bus_stop,35.6625448,139.3538375
n2121084032,"大和田小学校",bus_stop,35.6663215,139.3535172
n5987681299,"大和田暁通り",bus_stop,35.6699368,139.3322991
n6831440992,"大塚住宅",bus_stop,35.6427201,139.4124547
n6831568221,"大塚公園",bus_stop,35.6327887,139.4176404
n1996724728,"大塚橋",bus_stop,35.6341458,139.4206403
n4829009005,"大巻観音･館事務所",bus_stop,35.6344057,139.3076321
n4829009006,"大巻観音･館事務所",bus_stop,35.6342474,139.3064098
n3500853070,"大平公園",bus_stop,35.6077887,139.3820887
n5398448697,"大柳",bus_stop,35.6808895,139.2868902
n2383941838,"大横町",bus_stop,35.6627086,139.3291837
n5987681289,"大横町",bus_stop,35.6617539,139.3291695
n5987681290,"大横町",bus_stop,35.6622513,139.3295841
n2637866572,"大田橋",bus_stop,35.6174202,139.3849187
n4828203838,"大田橋",bus_stop,35.6168205,139.3841883
n2833209801,"大竹橋",bus_stop,35.6275654,139.3914682
n4831067330,"大竹橋",bus_stop,35.6280206,139.3924306
n4831067331,"大竹橋",bus_stop,35.6282202,139.3907232
n3926558774,"大船",bus_stop,35.6249348,139.3155632
n2320319290,"大谷北",bus_stop,35.6781844,139.3545913
n7795545454,"大谷北",bus_stop,35.6774832,139.3543898
n3612508693,"大谷石川団地",bus_stop,35.6717461,139.3592685
n2204185880,"天神前･イオン八王子滝山前",bus_stop,35.6831359,139.3391801
n2823852901,"天野",bus_stop,35.6358765,139.4113541
n2823853901,"天野",bus_stop,35.6351410,139.4103712
n11097588498,"天龍寺",bus_stop,35.6475461,139.3494721
n7833017864,"夾竹桃公園",bus_stop,35.6349893,139.3809642
n9697872170,"妙薬寺",bus_stop,35.6635787,139.3349576
n2345121447,"子安一丁目",bus_stop,35.6513735,139.3435123
n2345120117,"子安三丁目",bus_stop,35.6519067,139.3381255
n2345123221,"子安三丁目",bus_stop,35.6526775,139.3379988
n2345123935,"子安公園前",bus_stop,35.6520901,139.3349958
n1110232702,"子安坂上",bus_stop,35.6475698,139.3365174
n11099578990,"子安神社北",bus_stop,35.6776562,139.3252643
n3311638239,"学園二番街入口",bus_stop,35.6154915,139.3735900
n3464916239,"学園二番街入口",bus_stop,35.6160214,139.3746868
n2273471754,"宇津木",bus_stop,35.6806050,139.3549620
n4198345390,"宇津木",bus_stop,35.6804120,139.3543280
n2695884841,"宇津木台",bus_stop,35.6895153,139.3530735
n7803452417,"宇津木台",bus_stop,35.6891442,139.3524308
n5892755136,"宇津木台中央",bus_stop,35.6886773,139.3586785
n7797899826,"宇津木台南",bus_stop,35.6859276,139.3584291
n7803452421,"宇津木台東",bus_stop,35.6894754,139.3614816
n2730746407,"宇津木郵便局",bus_stop,35.6813842,139.3545132
n4818275157,"宇津貫公園",bus_stop,35.6254852,139.3253191
n4352142191,"宇津貫工業団地(坂西精機前)",bus_stop,35.6200159,139.3295008
n4352141890,"宇津貫緑地",bus_stop,35.6214961,139.3299045
n4352141892,"宇津貫緑地入口",bus_stop,35.6187086,139.3272922
n4352142193,"宇津貫緑地入口",bus_stop,35.6191725,139.3277945
n8687032362,"安養寺",bus_stop,35.6915987,139.2933825
n6432371758,"宝生寺団地",bus_stop,35.6850824,139.2667446
n2686122205,"宝生寺団地入口",bus_stop,35.6807695,139.2737688
n4829411194,"実践高校",bus_stop,35.6524668,139.3285576
n3060751436,"宮の下",bus_stop,35.6715140,139.2166698
n3060751437,"宮の下",bus_stop,35.6710510,139.2170199
n2218252407,"宮の前",bus_stop,35.6549400,139.2752185
n2218260690,"宮の前",bus_stop,35.6543498,139.2757557
n3311638246,"宮上中学校",bus_stop,35.6140694,139.3715373
n2121069819,"宮下橋",bus_stop,35.7026000,139.3123659
n1956706532,"宮下･杏林大学入口",bus_stop,35.7053942,139.3059159
n4829411192,"富士森公園",bus_stop,35.6516328,139.3260631
n8678997974,"富士森高校",bus_stop,35.6577840,139.3022746
n4831099119,"富士見橋",bus_stop,35.6255230,139.3822594
n4352149090,"寺田センター",bus_stop,35.6230369,139.3063073
n4352194491,"寺田東",bus_stop,35.6248254,139.3093617
n3926569457,"寺田橋",bus_stop,35.6301430,139.3130700
n3926569757,"寺田橋",bus_stop,35.6309944,139.3126697
n9697872167,"寺町北",bus_stop,35.6578064,139.3341198
n1924934811,"小仏",bus_stop,35.6397220,139.2320586
n2518582427,"小名路",bus_stop,35.6406813,139.2732914
n3535791994,"小宮小学校",bus_stop,35.6828426,139.3683883
n2390279698,"小宮町",bus_stop,35.6889290,139.3725430
n3648763625,"小宮町",bus_stop,35.6888040,139.3732520
n3535728094,"小宮駅入口",bus_stop,35.6859560,139.3706530
n3535809493,"小宮駅入口",bus_stop,35.6865160,139.3705060
n3061075772,"小津会館前",bus_stop,35.6791171,139.2359375
n3061075786,"小津坂入口",bus_stop,35.6786923,139.2265310
n2686122954,"小田野",bus_stop,35.6788636,139.2712846
n2686124564,"小田野中央公園",bus_stop,35.6743995,139.2660396
n2686131333,"小田野中央公園",bus_stop,35.6748340,139.2664934
n3050760692,"小足",bus_stop,35.6932323,139.2427743
n2569221277,"尾崎",bus_stop,35.6811415,139.3437740
n4829411182,"山田",bus_stop,35.6472764,139.3206995
n2218041875,"山田駅",bus_stop,35.6443395,139.3214815
n11097588495,"岸田公園",bus_stop,35.6484414,139.3542282
n3222865216,"川井野",bus_stop,35.6683477,139.2027675
n2204441909,"川原宿",bus_stop,35.6419200,139.2759219
n3070288953,"川原宿",bus_stop,35.6723354,139.2590603
n3070288955,"川原宿",bus_stop,35.6717056,139.2586459
n3191170361,"川原宿大橋",bus_stop,35.6718140,139.2602483
n7832768631,"川口やまゆり館",bus_stop,35.6857666,139.2981975
n3064411774,"川口事務所",bus_stop,35.6935436,139.2795485
n7832768642,"川口小学校",bus_stop,35.6912834,139.2825308
n5987681296,"川口川橋",bus_stop,35.6695677,139.3310966
n3064411750,"川口橋",bus_stop,35.6957161,139.2773211
n2686146639,"川町東",bus_stop,35.6721718,139.2790010
n2686145863,"川町落合橋",bus_stop,35.6710430,139.2771555
n2218303050,"工学院大学",bus_stop,35.6836583,139.3190770
n2383948058,"工学院大学犬目校舎",bus_stop,35.6838060,139.3141770
n7832698029,"工学院大学犬目校舎",bus_stop,35.6833066,139.3156026
n2218301522,"工学院大学西",bus_stop,35.6827431,139.3173325
n7832698030,"工学院大学西",bus_stop,35.6825015,139.3162096
n2215996183,"左入",bus_stop,35.6850679,139.3465962
n11102104943,"左入会館前",bus_stop,35.6875133,139.3436380
n2236944865,"左入橋",bus_stop,35.6844350,139.3453000
n2365510624,"左入橋",bus_stop,35.6842180,139.3470400
n2991972333,"市場前",bus_stop,35.6513151,139.3568826
n2991972833,"市場前",bus_stop,35.6516350,139.3561960
n2686179322,"市役所入口",bus_stop,35.6651495,139.3153629
n7823587653,"市役所南",bus_stop,35.6646777,139.3146424
n4829411189,"市民体育館",bus_stop,35.6503197,139.3240863
n4829411190,"市民体育館",bus_stop,35.6498097,139.3233111
n7832815847,"帝京八王子高校入口",bus_stop,35.7057520,139.2452574
n7832815848,"帝京八王子高校入口",bus_stop,35.7060025,139.2443401
n2217976032,"帝京大学中高北",bus_stop,35.6345160,139.3911225
n4831067332,"帝京大学中高校",bus_stop,35.6286706,139.3895728
n4831067333,"帝京大学中高校",bus_stop,35.6285298,139.3886257
n4835651599,"帝京大学入口",bus_stop,35.6392543,139.4208867
n4417209393,"平岡町",bus_stop,35.6649995,139.3233180
n11097742618,"平町",bus_stop,35.6898729,139.3556847
n6319746291,"幼稚園前",bus_stop,35.6244959,139.2866856
n4835651595,"引切",bus_stop,35.6315412,139.4041940
n2218283616,"影沢",bus_stop,35.6969569,139.2737231
n3047557458,"御屋敷入口",bus_stop,35.6862659,139.2529108
n4829411207,"御所水通り",bus_stop,35.6533012,139.3173379
n1110231070,"御殿峠",bus_stop,35.6258017,139.3379694
n1135501164,"御殿峠",bus_stop,35.6251591,139.3383148
n2421548532,"御陵前",bus_stop,35.6472540,139.2921750
n2421549015,"御陵前",bus_stop,35.6477400,139.2930500
n12176110864,"御陵参道",bus_stop,35.6500282,139.2889336
n3286797921,"恩方ターミナル",bus_stop,35.6797331,139.2590260
n3066571971,"恩方上宿",bus_stop,35.6740135,139.2579745
n3191165961,"恩方中学校",bus_stop,35.6691402,139.2425495
n3107076516,"恩方事務所",bus_stop,35.6672630,139.2495180
n3066571973,"恩方営業所",bus_stop,35.6769504,139.2572392
n6432089051,"愛宕団地",bus_stop,35.6347030,139.4280465
n7695013338,"慈根寺",bus_stop,35.6693122,139.2925516
n4754120824,"戸吹",bus_stop,35.7077786,139.2969059
n7787881278,"戸吹",bus_stop,35.7079918,139.2953664
n7823044342,"戸吹スポーツ公園入口",bus_stop,35.7021132,139.2936888
n7787742093,"戸吹北工業団地",bus_stop,35.7120456,139.2925434
n3576411193,"戸吹町交差点",bus_stop,35.7087320,139.2966180
n7787881279,"戸吹町交差点",bus_stop,35.7074282,139.2963731
n7832793873,"戸沢",bus_stop,35.7022319,139.2586442
n2391467026,"打越弁財天入口",bus_stop,35.6420795,139.3549200
n4828372443,"打越弁財天入口",bus_stop,35.6412357,139.3551068
n6319728171,"拓殖大学",bus_stop,35.6291380,139.2809649
n13677145947,"拓殖大学管理研究棟",bus_stop,35.6268020,139.2790222
n2963587865,"摺差",bus_stop,35.6396101,139.2513575
n3926618658,"散田三丁目",bus_stop,35.6541374,139.3111305
n2218059024,"散田五丁目",bus_stop,35.6493952,139.3028790
n3926608860,"散田四丁目",bus_stop,35.6517700,139.3067645
n7528222947,"新川口",bus_stop,35.6875298,139.2913703
n7832698033,"新清水橋",bus_stop,35.6792449,139.3156833
n2204191903,"新道丹木町",bus_stop,35.6891694,139.3343347
n4417197589,"日吉八王子神社入口",bus_stop,35.6608341,139.3137443
n2686117355,"日吉町",bus_stop,35.6615063,139.3143973
n2686116900,"日吉町1丁目会館",bus_stop,35.6612618,139.3161376
n2963687484,"日影",bus_stop,35.6398574,139.2431727
n8579571740,"日影橋",bus_stop,35.6199746,139.3652050
n8579571743,"日影橋",bus_stop,35.6204229,139.3659057
n8692219177,"日本邸宅団地",bus_stop,35.6401162,139.3734655
n8692250218,"日生団地",bus_stop,35.6414912,139.3775503
n8692219175,"日生自治会館",bus_stop,35.6430723,139.3760253
n6831440987,"明星大学南",bus_stop,35.6420638,139.4101466
n4829009015,"明神橋",bus_stop,35.6351632,139.2940185
n2034282279,"明神町",bus_stop,35.6599310,139.3462310
n2059339838,"明神町",bus_stop,35.6604643,139.3469623
n4829141502,"明神町二丁目",bus_stop,35.6557857,139.3485019
n2375752114,"星谷坂･イオン八王子滝山西",bus_stop,35.6824419,139.3378647
n11097601609,"春日会館西",bus_stop,35.6459239,139.3611350
n3960895359,"春日橋北",bus_stop,35.6473200,139.3594695
n11097588491,"春日橋南",bus_stop,35.6434594,139.3619781
n4828943986,"時田",bus_stop,35.6434062,139.3338171
n4828943987,"時田",bus_stop,35.6433278,139.3346137
n5994636895,"暁橋",bus_stop,35.6676005,139.3385487
n5994636893,"暁町１丁目",bus_stop,35.6693488,139.3339914
n5994636894,"暁町１丁目",bus_stop,35.6691220,139.3347935
n7822711039,"月夜峯新橋",bus_stop,35.6636697,139.2870554
n4831034224,"朝日ヶ丘団地",bus_stop,35.6487812,139.3157237
n4831034225,"朝日ヶ丘団地坂上",bus_stop,35.6489098,139.3138917
n4831034222,"朝日ヶ丘団地坂下",bus_stop,35.6486908,139.3178990
n4831034223,"朝日ヶ丘団地坂下",bus_stop,35.6488194,139.3168985
n3657606927,"本立寺",bus_stop,35.6550808,139.3299530
n4741009625,"本立寺",bus_stop,35.6548202,139.3313684
n2421605408,"本郷横丁",bus_stop,35.6607816,139.3238939
n2686114614,"本郷横丁",bus_stop,35.6608988,139.3230353
n2375753902,"村内ファニチャーセンター",bus_stop,35.6787276,139.3370857
n4829009017,"東上館",bus_stop,35.6350556,139.2905045
n2823852102,"東中野",bus_stop,35.6333108,139.4067786
n4835651597,"東中野",bus_stop,35.6340513,139.4077335
n4835651603,"東中野",bus_stop,35.6343016,139.4061225
n11099656718,"東京天使病院",bus_stop,35.6845796,139.2811391
n12705547881,"東京工科大学前",bus_stop,35.6239057,139.3386098
n6282754746,"東京秋田霊園",bus_stop,35.6169329,139.2966483
n6282754747,"東京秋田霊園",bus_stop,35.6181063,139.2967685
n11113182239,"東京薬科大学",bus_stop,35.6366822,139.3844775
n2637872571,"東京薬科大学東",bus_stop,35.6382771,139.3883909
n8690207188,"東京薬科大学東",bus_stop,35.6375162,139.3891107
n2125016308,"東京都立大学入口",bus_stop,35.6654363,139.3700491
n2139866949,"東京都立大学入口",bus_stop,35.6654030,139.3688752
n4831100525,"東京都立大学北",bus_stop,35.6185556,139.3791092
n4831100526,"東京都立大学北",bus_stop,35.6179969,139.3786245
n4352266690,"東京高専前",bus_stop,35.6383425,139.2991589
n4352293293,"東京高専前",bus_stop,35.6382484,139.2974195
n4828943993,"東京高専前",bus_stop,35.6377247,139.3007931
n2289023726,"東宮下",bus_stop,35.7043994,139.3089235
n4835720771,"東山住宅",bus_stop,35.6340744,139.3979151
n4835720772,"東山住宅入口",bus_stop,35.6315837,139.3974860
n4417198895,"東樽原",bus_stop,35.6755584,139.3131816
n2288698344,"東海大学八王子病院",bus_stop,35.6731207,139.3568570
n7839562033,"東秋川橋",bus_stop,35.7162781,139.3182709
n6831568227,"松が谷",bus_stop,35.6274340,139.4151755
n6831568222,"松が谷小学校",bus_stop,35.6295459,139.4137831
n6831568224,"松が谷高校",bus_stop,35.6288300,139.4115751
n7822711035,"松子舞団地北",bus_stop,35.6679593,139.2837318
n7822711036,"松子舞団地東",bus_stop,35.6671169,139.2847475
n7822711034,"松子舞自治会館",bus_stop,35.6662581,139.2828963
n3500853072,"松木中学校",bus_stop,35.6167571,139.3913817
n3500853073,"松木中学校",bus_stop,35.6176874,139.3921582
n3500853074,"松木小学校入口",bus_stop,35.6208448,139.3945048
n3500853075,"松木小学校入口",bus_stop,35.6210480,139.3952061
n11102686113,"松枝住宅",bus_stop,35.6816717,139.2940057
n5397592892,"松枝住宅管理事務所前",bus_stop,35.6830589,139.2908991
n5397592894,"松枝保育園前",bus_stop,35.6826399,139.2925032
n4416025489,"松枝橋",bus_stop,35.6823039,139.3018987
n4417198890,"松枝橋",bus_stop,35.6817835,139.3015848
n3107100413,"松竹",bus_stop,35.6684724,139.2526159
n3107100414,"松竹",bus_stop,35.6688853,139.2536473
n2320339265,"板橋",bus_stop,35.6215880,139.3907600
n4831114657,"板橋",bus_stop,35.6229609,139.3911524
n8579571738,"柏原橋",bus_stop,35.6175740,139.3631559
n2383924987,"柳沢",bus_stop,35.6205586,139.3767745
n3464916240,"柳沢",bus_stop,35.6198569,139.3766004
n3464916241,"柳沢",bus_stop,35.6203061,139.3760794
n4830989144,"栗本橋",bus_stop,35.6251052,139.3783584
n4830989145,"栗本橋",bus_stop,35.6242388,139.3773566
n2686148577,"桑の葉",bus_stop,35.6729643,139.2848753
n5382286726,"桑の葉",bus_stop,35.6730191,139.2834590
n2375749871,"桑並木通り",bus_stop,35.6593085,139.3395540
n9699000400,"桑並木通り",bus_stop,35.6602445,139.3394523
n2421569498,"桑志高校",bus_stop,35.6552440,139.3072080
n2421569848,"桑志高校",bus_stop,35.6557100,139.3078870
n9792594203,"桑志高校",bus_stop,35.6555620,139.3057660
n7832768633,"桜株",bus_stop,35.6867111,139.2952605
n6713982304,"梅の里入口",bus_stop,35.6394509,139.2397718
n2206161832,"梅坪町",bus_stop,35.6878207,139.3371301
n2218281582,"森下",bus_stop,35.6999946,139.2643731
n3064411791,"森下",bus_stop,35.7000849,139.2636611
n4416003591,"森林科学園",bus_stop,35.6460307,139.2803117
n3926570558,"椚田",bus_stop,35.6334276,139.3122866
n3926569460,"椚田北",bus_stop,35.6375288,139.3098504
n4352264490,"椚田遺跡公園通り",bus_stop,35.6387605,139.2895689
n7823077458,"楢原町",bus_stop,35.6817211,139.3056978
n7823077459,"楢原町",bus_stop,35.6822512,139.3048240
n7832768637,"榎木",bus_stop,35.6885562,139.2873963
n4352194990,"榛名橋",bus_stop,35.6287743,139.3103563
n4352220089,"榛名橋",bus_stop,35.6295434,139.3106095
n4829411212,"榛名神社",bus_stop,35.6279098,139.3072598
n3926612260,"横山中学",bus_stop,35.6498960,139.3058521
n2421558322,"横山事務所",bus_stop,35.6514765,139.3001725
n4829009003,"横山南市民センター",bus_stop,35.6345474,139.3100011
n2421609336,"横山町",bus_stop,35.6597700,139.3380157
n2421609141,"横山町三丁目",bus_stop,35.6598881,139.3347947
n2686118165,"横川",bus_stop,35.6644550,139.3046826
n4417201489,"横川",bus_stop,35.6639530,139.3059830
n8688090118,"横川ちびっこ広場",bus_stop,35.6651737,139.2991879
n5434934963,"横川下原公園入口",bus_stop,35.6665048,139.2953622
n5426623111,"横川弁天池公園",bus_stop,35.6640244,139.3088837
n2686176016,"横川橋公園",bus_stop,35.6658115,139.3097530
n2686164459,"横川町住宅",bus_stop,35.6682073,139.3039786
n3612139980,"横川町住宅",bus_stop,35.6671156,139.3042976
n7833030449,"殿ヶ谷戸",bus_stop,35.6300099,139.3776047
n7833030450,"殿ヶ谷戸",bus_stop,35.6300412,139.3784823
n3286797923,"水無瀬橋",bus_stop,35.6619594,139.3120062
n6318876588,"水甫団地入口",bus_stop,35.6075886,139.3572948
n6318876589,"水甫団地入口",bus_stop,35.6084435,139.3567981
n6318876591,"水甫緑地",bus_stop,35.6100577,139.3570266
n2383926441,"永泉寺入口",bus_stop,35.6155165,139.3598611
n4828412356,"永泉寺入口",bus_stop,35.6156905,139.3607817
n9697872172,"沢淵",bus_stop,35.6627203,139.3416410
n5377343565,"泉町",bus_stop,35.6750790,139.3009738
n5392725059,"泉町住宅",bus_stop,35.6766918,139.2996327
n3500853076,"浄瑠璃緑地下",bus_stop,35.6142849,139.3928852
n3500853077,"浄瑠璃緑地下",bus_stop,35.6149525,139.3932040
n2421545830,"浅川原",bus_stop,35.6457768,139.2876624
n2421546101,"浅川原",bus_stop,35.6461101,139.2882582
n5995009526,"浅川大橋南",bus_stop,35.6637919,139.3399572
n9699006646,"浅川大橋南",bus_stop,35.6626140,139.3396847
n2421554859,"浅川新地",bus_stop,35.6500465,139.2980325
n5987681294,"浅川橋",bus_stop,35.6667548,139.3303506
n4831067328,"浅間神社前",bus_stop,35.6237311,139.3948941
n2384015225,"滝",bus_stop,35.7075296,139.3256687
n5434934961,"滝原新橋",bus_stop,35.6677655,139.2936425
n4754175832,"滝山1丁目",bus_stop,35.6891110,139.3410190
n4754185321,"滝山1丁目",bus_stop,35.6885690,139.3415670
n2144960118,"滝山2丁目",bus_stop,35.6899760,139.3384070
n2206010035,"滝山城址下",bus_stop,35.6978940,139.3235570
n4754155227,"滝山城址下",bus_stop,35.6973411,139.3251605
n3061075793,"熊野宮前",bus_stop,35.6770909,139.2456256
n2421543946,"熊野神社前",bus_stop,35.6447412,139.2847781
n2421544404,"熊野神社前",bus_stop,35.6452181,139.2858176
n1110232703,"片倉",bus_stop,35.6351753,139.3389280
n11097601635,"片倉かまぬき公園",bus_stop,35.6360752,139.3427176
n11097601630,"片倉まちの広場",bus_stop,35.6336407,139.3461057
n12195554923,"片倉台",bus_stop,35.6319584,139.3472623
n11097601613,"片倉台入口",bus_stop,35.6410771,139.3464250
n11097601625,"片倉台北",bus_stop,35.6340315,139.3473653
n2757949340,"片倉台小学校",bus_stop,35.6315746,139.3456650
n12195554921,"片倉台小学校西",bus_stop,35.6307989,139.3455921
n11097601619,"片倉台慈眼寺南",bus_stop,35.6369352,139.3459041
n11097601621,"片倉台慈眼寺南",bus_stop,35.6364228,139.3462975
n11097601616,"片倉台打越公園",bus_stop,35.6387869,139.3467641
n11097601617,"片倉台打越公園",bus_stop,35.6381983,139.3466062
n1110232704,"片倉城址",bus_stop,35.6423306,139.3389460
n4828943984,"片倉城址",bus_stop,35.6429502,139.3379986
n1110232701,"片倉駅入口",bus_stop,35.6391786,139.3395731
n1110231071,"片倉高校入口",bus_stop,35.6314481,139.3382925
n1140282361,"片倉高校入口",bus_stop,35.6321497,139.3387382
n12195554903,"片倉高校前",bus_stop,35.6304957,139.3410675
n5608683935,"片柳学園スクールバス乗り場",bus_stop,35.6314577,139.3291961
n4416023490,"犬目",bus_stop,35.6888260,139.3050030
n4417197594,"犬目",bus_stop,35.6896680,139.3050230
n3191165161,"狐塚",bus_stop,35.6718875,139.2277184
n4000221759,"狭間町",bus_stop,35.6379723,139.2874165
n4352241592,"狭間駅",bus_stop,35.6397463,139.2931436
n3141447222,"田守神社前",bus_stop,35.7045390,139.2544471
n3141447223,"田守神社前",bus_stop,35.7034807,139.2555420
n9708963988,"田守神社前",bus_stop,35.7041165,139.2535533
n2273469443,"田島橋",bus_stop,35.6790364,139.3660417
n2828432205,"由井第三小前",bus_stop,35.6430050,139.3266600
n4828943992,"由井第三小前",bus_stop,35.6426542,139.3261299
n6831440415,"由木ヶ丘公園",bus_stop,35.6388011,139.4141432
n4831067334,"由木中央小学校",bus_stop,35.6284574,139.3832940
n4831067335,"由木中央小学校",bus_stop,35.6289511,139.3826065
n4835651593,"由木堀の内",bus_stop,35.6301874,139.4023580
n4835651594,"由木堀の内",bus_stop,35.6293264,139.4016619
n3464916243,"由木折返場",bus_stop,35.6271066,139.3819220
n3464916244,"由木折返場",bus_stop,35.6272080,139.3825889
n2383948386,"甲の原",bus_stop,35.6848683,139.3124042
n11099579004,"甲の原中央",bus_stop,35.6800713,139.3210793
n11099579001,"甲の原市民農園",bus_stop,35.6787979,139.3235053
n2366519552,"病院前",bus_stop,35.6409322,139.2690681
n2366520792,"病院前",bus_stop,35.6407976,139.2700692
n4828372431,"白山神社",bus_stop,35.6296697,139.3573162
n8911584022,"白山神社",bus_stop,35.6303970,139.3578505
n7797899824,"石川",bus_stop,35.6809630,139.3578166
n2236927019,"石川中央道下",bus_stop,35.6756432,139.3646085
n2034284218,"石川入口",bus_stop,35.6631067,139.3562318
n3612498093,"石川南",bus_stop,35.6726407,139.3611772
n2476274379,"石川宮下",bus_stop,35.6811855,139.3627238
n2730749861,"石川宮下",bus_stop,35.6809685,139.3614054
n2128923514,"石川町",bus_stop,35.6753260,139.3706600
n2273469494,"石川町会館前",bus_stop,35.6814866,139.3653810
n2218477871,"石川町東",bus_stop,35.6774915,139.3731240
n4416021489,"石神坂",bus_stop,35.6622240,139.2845411
n7822711037,"石神坂",bus_stop,35.6630149,139.2849293
n3941093684,"神奈中多摩車庫",bus_stop,35.6021676,139.3837017
n2686121329,"神戸",bus_stop,35.6794076,139.2814398
n5365737387,"神戸会館入口",bus_stop,35.6804215,139.2790490
n4417204295,"神社前",bus_stop,35.6775395,139.3113248
n4352258527,"福祉センター入口",bus_stop,35.6434998,139.2922659
n2383943817,"稲荷坂下",bus_stop,35.6709643,139.3314988
n6319728176,"穎明館構内",bus_stop,35.6239176,139.2916193
n6319746292,"穎明館高校前",bus_stop,35.6240662,139.2895954
n9697872173,"第五中学校前",bus_stop,35.6616208,139.3451333
n3509942894,"第八小学校",bus_stop,35.6705872,139.3606342
n7832815849,"糀谷",bus_stop,35.7090526,139.2411232
n7832815850,"糀谷",bus_stop,35.7086658,139.2420198
n2288701951,"純心女子学園",bus_stop,35.6910100,139.3333310
n2289018422,"純心女子学園",bus_stop,35.6923408,139.3337155
n4754175728,"純心女子学園",bus_stop,35.6919604,139.3348256
n2383926976,"絹の道入口",bus_stop,35.6149824,139.3556454
n7833030441,"絹ヶ丘",bus_stop,35.6368515,139.3615552
n7833030442,"絹ヶ丘",bus_stop,35.6362913,139.3623250
n7833030438,"絹ヶ丘二丁目",bus_stop,35.6381667,139.3603925
n4828372440,"絹ヶ丘団地入口",bus_stop,35.6384165,139.3590848
n3047557467,"縄切",bus_stop,35.6826018,139.2588561
n2421607076,"織物組合",bus_stop,35.6605296,139.3262045
n3144021365,"美山小学校",bus_stop,35.6900672,139.2486177
n3144021366,"美山小学校",bus_stop,35.6896872,139.2493621
n3050760696,"美山工業団地",bus_stop,35.6957161,139.2400525
n3050760722,"美山工業団地",bus_stop,35.6951775,139.2405119
n3128922649,"美山町",bus_stop,35.7030122,139.2302933
n6432371761,"自治会館前",bus_stop,35.6881237,139.2661706
n1135501163,"自然公園前",bus_stop,35.6204843,139.3409798
n5434934965,"舟田",bus_stop,35.6596179,139.2991527
n5434934966,"舟田",bus_stop,35.6588510,139.2999686
n7023505035,"船田運動広場",bus_stop,35.6562184,139.2900849
n4835651592,"芝原",bus_stop,35.6272600,139.3984100
n8617286274,"芝原",bus_stop,35.6277174,139.3970363
n8617286275,"芝原",bus_stop,35.6283182,139.3987183
n5377343552,"花川",bus_stop,35.6728701,139.3017867
n2963627766,"荒井",bus_stop,35.6395889,139.2607322
n2963627767,"荒井",bus_stop,35.6397561,139.2615232
n3047557454,"萩園",bus_stop,35.6846237,139.2549987
n8818405805,"落合",bus_stop,35.6369801,139.2708157
n4754140621,"落合橋",bus_stop,35.7068240,139.3006605
n3500853078,"蓮生寺",bus_stop,35.6169777,139.3952437
n2686119379,"薬師前･ジェイビス(JVIS)入口",bus_stop,35.6687430,139.3011160
n2686119437,"薬師前･ジェイビス(JVIS)入口",bus_stop,35.6692440,139.3003400
n2963604824,"蛇滝口",bus_stop,35.6391153,139.2579087
n7822711038,"裏宿",bus_stop,35.6634159,139.2836847
n3119924781,"裏高尾",bus_stop,35.6398028,139.2468151
n4417204296,"西中野2丁目",bus_stop,35.6709917,139.3176454
n4417229592,"西中野3丁目",bus_stop,35.6723419,139.3156778
n7823102234,"西中野3丁目",bus_stop,35.6734100,139.3143880
n11099629008,"西中野団地",bus_stop,35.6792295,139.3171147
n4417191089,"西八王子駅",bus_stop,35.6571396,139.3127936
n2421590480,"西八王子駅入口",bus_stop,35.6583052,139.3131856
n3926630658,"西八王子駅南入口",bus_stop,35.6554461,139.3136420
n4828596177,"西八王子駅南口",bus_stop,35.6562822,139.3131014
n4828343460,"西武北野台",bus_stop,35.6241430,139.3537838
n2476272522,"西武滝山台",bus_stop,35.6903275,139.3481690
n4829029504,"西田中橋",bus_stop,35.6336270,139.3029348
n4829029505,"西田中橋",bus_stop,35.6327724,139.3027900
n8687032363,"西部会館",bus_stop,35.6917614,139.2972416
n3657580329,"西郵便局入口",bus_stop,35.6470063,139.2986192
n4828624164,"要石",bus_stop,35.6341740,139.3131243
n4835720770,"見晴らし台前",bus_stop,35.6355949,139.3997497
n3500853080,"見附ヶ丘",bus_stop,35.6113962,139.3941936
n3500853082,"見附橋",bus_stop,35.6108168,139.3904896
n3500853083,"見附橋",bus_stop,35.6125239,139.3910017
n3500853084,"見附橋",bus_stop,35.6125634,139.3919020
n2686120280,"諏訪中央",bus_stop,35.6755263,139.2900891
n5365737389,"諏訪中央",bus_stop,35.6747140,139.2919192
n5379882772,"諏訪団地",bus_stop,35.6833316,139.2891945
n2686120357,"諏訪神社",bus_stop,35.6762730,139.2885720
n3064183052,"諏訪神社",bus_stop,35.6760713,139.2891999
n2383951324,"谷戸",bus_stop,35.6921690,139.3052410
n7823050450,"谷戸",bus_stop,35.6927521,139.3046166
n4835651604,"谷津入",bus_stop,35.6365949,139.4050013
n4835651605,"谷津入",bus_stop,35.6370222,139.4044381
n2206171711,"谷野町",bus_stop,35.6852705,139.3292174
n2218308047,"谷野町",bus_stop,35.6853233,139.3283239
n5987681305,"谷野町南",bus_stop,35.6834084,139.3312511
n4089365309,"赤石公園",bus_stop,35.6094913,139.3745895
n12195554911,"車石",bus_stop,35.6310570,139.3433812
n2289020542,"農協前",bus_stop,35.6986431,139.3212546
n2421602629,"追分",bus_stop,35.6608958,139.3195780
n2206233191,"道の駅八王子滝山入口",bus_stop,35.6864783,139.3398072
n2274961848,"道の駅八王子滝山入口",bus_stop,35.6857102,139.3406242
n3576439993,"道の駅八王子滝山入口",bus_stop,35.6860798,139.3413364
n6497406315,"遺跡公園",bus_stop,35.6747501,139.3232975
n6318876648,"都営住宅東",bus_stop,35.6090133,139.3646959
n6318876645,"都営住宅西",bus_stop,35.6074447,139.3625454
n7822800320,"都営長房北団地",bus_stop,35.6575191,139.2944897
n11097601610,"都営長沼12号棟前",bus_stop,35.6458092,139.3629673
n11097601611,"都営長沼14号棟前",bus_stop,35.6454276,139.3638556
n4740998229,"都立八王子盲学校",bus_stop,35.6566484,139.3193298
n7743982887,"野猿峠",bus_stop,35.6337279,139.3635700
n4829411209,"野球場前",bus_stop,35.6514694,139.3196613
n7746462228,"金剛院",bus_stop,35.6566066,139.3279005
n11097601633,"釜貫",bus_stop,35.6347468,139.3449750
n2828366305,"釜貫白山神社",bus_stop,35.6374527,139.3417400
n6515864321,"鍛冶屋敷",bus_stop,35.6572362,139.2806505
n6515864322,"鍛冶屋敷",bus_stop,35.6564167,139.2798029
n4829411216,"鍛冶谷戸",bus_stop,35.6225187,139.3006706
n1135501170,"鑓水",bus_stop,35.6144405,139.3421755
n4828412357,"鑓水中央",bus_stop,35.6155637,139.3583255
n6318876610,"鑓水二丁目中央",bus_stop,35.6097256,139.3609637
n6318876586,"鑓水二丁目南",bus_stop,35.6082149,139.3537102
n6318876612,"鑓水住宅入口",bus_stop,35.6083014,139.3608518
n2383928115,"鑓水入口",bus_stop,35.6138652,139.3432104
n6318876608,"鑓水公園",bus_stop,35.6109882,139.3590984
n7142339633,"長房センター",bus_stop,35.6548714,139.2952637
n7832966162,"長房団地",bus_stop,35.6536596,139.2916733
n7832966163,"長房団地",bus_stop,35.6538013,139.2923304
n7236383750,"長房団地ふれあい館",bus_stop,35.6528765,139.2923103
n3500853086,"長池公園西",bus_stop,35.6060342,139.3875165
n3500853087,"長池公園西",bus_stop,35.6069629,139.3874780
n3500853088,"長池小学校入口",bus_stop,35.6077860,139.3881578
n3500853089,"長池小学校入口",bus_stop,35.6086443,139.3890116
n8692250217,"長沼両田公園",bus_stop,35.6423806,139.3765310
n3960860158,"長沼公園北",bus_stop,35.6418706,139.3691770
n3960861657,"長沼公園北",bus_stop,35.6417592,139.3685101
n8695988035,"長沼山下公園",bus_stop,35.6429216,139.3640459
n8695988033,"長沼駅",bus_stop,35.6429167,139.3664941
n6345516496,"閑道谷戸",bus_stop,35.6220049,139.3271939
n3060728261,"関場",bus_stop,35.6712329,139.2115469
n1740057298,"陣馬高原下",bus_stop,35.6635421,139.1893155
n5404858519,"陵北大橋",bus_stop,35.6832823,139.2701204
n12176110855,"陵南プール",bus_stop,35.6481902,139.2920820
n4352352791,"陵南中学校",bus_stop,35.6451607,139.2952555
n12176110857,"陵南公園",bus_stop,35.6496094,139.2907690
n7832697339,"陶鎔小学校",bus_stop,35.6883317,139.3085315
n7832697341,"陶鎔小学校",bus_stop,35.6887151,139.3076525
n4830959674,"陸上競技場前",bus_stop,35.6187505,139.3703527
n6831440993,"陽光台入口",bus_stop,35.6420933,139.4128952
n2218261857,"霊園前・八王子城跡入口",bus_stop,35.6564935,139.2740193
n2218263676,"霊園正門",bus_stop,35.6599299,139.2692549
n3191174587,"霞ヶ丘住宅",bus_stop,35.6520456,139.2769794
n2730746682,"青空公園西",bus_stop,35.6839740,139.3535457
n6319746296,"館ヶ丘団地",bus_stop,35.6229261,139.2891242
n6319728183,"館中学校前",bus_stop,35.6275581,139.2898522
n6319746286,"館中学校前",bus_stop,35.6279096,139.2891585
n5287019521,"馬場谷戸",bus_stop,35.6771576,139.3325930
n5987681302,"馬場谷戸",bus_stop,35.6781271,139.3335065
n5987681304,"馬場谷戸",bus_stop,35.6791597,139.3342105
n11099578982,"馬場谷戸中央",bus_stop,35.6776985,139.3309823
n11099578985,"馬場谷戸会館前",bus_stop,35.6782097,139.3290513
n11099578986,"馬場谷戸会館前",bus_stop,35.6783477,139.3280568
n3066515651,"馬込松木",bus_stop,35.6885795,139.2512539
n6319746285,"駐在所前",bus_stop,35.6278890,139.2871164
n2778902470,"駒木野",bus_stop,35.6413833,139.2662962
n3191162562,"駒木野",bus_stop,35.6686822,139.2339969
n2172781648,"高倉町",bus_stop,35.6674430,139.3677110
n2201064118,"高倉町",bus_stop,35.6678220,139.3681830
n6183748444,"高尾の森わくわくビレッジ",bus_stop,35.6731600,139.2761051
n5493838499,"高尾台中央",bus_stop,35.6513716,139.2691046
n5493838501,"高尾台住宅",bus_stop,35.6481778,139.2669935
n2204440499,"高尾山口駅",bus_stop,35.6327894,139.2704364
n8687032368,"高尾橋北",bus_stop,35.6915492,139.2998406
n2204434192,"高尾警察署前",bus_stop,35.6482560,139.2950430
n2421551763,"高尾警察署前",bus_stop,35.6487450,139.2958830
n2421540951,"高尾駅入口",bus_stop,35.6432896,139.2820999
n10740644522,"高尾駅北口",bus_stop,35.6420940,139.2810738
n12176068824,"高尾駅北口",bus_stop,35.6433707,139.2822514
n2421507525,"高尾駅南口",bus_stop,35.6415793,139.2838279
n10018205252,"高尾駅西",bus_stop,35.6427278,139.2808427
n2421526824,"高尾駅西",bus_stop,35.6422621,139.2802535
n3351275193,"高月",bus_stop,35.7151015,139.3191307
n2384013957,"高月整形外科病院",bus_stop,35.7116011,139.3214971
n7839562036,"高月集会所前",bus_stop,35.7137795,139.3206591
n7823587659,"鶴巻橋",bus_stop,35.6699969,139.3165778
n3289748489,"鹿島",bus_stop,35.6338681,139.4237697
n6432089050,"鹿島",bus_stop,35.6341160,139.4245583
n3191162462,"黒沼田",bus_stop,35.6718142,139.2308412
n2730741608,"龍光寺",bus_stop,35.6831965,139.3496776
n7797899831,"龍光寺",bus_stop,35.6825251,139.3502993
n281459052,"めじろ台",station,35.6434031,139.3077200
n6287291406,"中央大学・明星大学",station,35.6418831,139.4087644
n6054786520,"京王八王子",station,35.6579228,139.3430194
n7834562504,"京王堀之内",station,35.6244777,139.4003398
n281459067,"京王片倉",station,35.6443504,139.3370743
n2559434104,"八王子",station,35.6553890,139.3394669
n280475835,"八王子みなみ野",station,35.6312559,139.3309341
n298329480,"北八王子",station,35.6693559,139.3634231
n7683133748,"北野",station,35.6446036,139.3540839
n7834562502,"南大沢",station,35.6141445,139.3799374
n6287291407,"大塚・帝京大学",station,35.6368916,139.4164754
n298330909,"小宮",station,35.6855706,139.3688288
n281459064,"山田",station,35.6444148,139.3211783
n6287291409,"松が谷",station,35.6318225,139.4220673
n675449217,"清滝",station,35.6311026,139.2668989
n280475844,"片倉",station,35.6398013,139.3414342
n281458957,"狭間",station,35.6405959,139.2933098
n2559434142,"西八王子",station,35.6565227,139.3124161
n7683115271,"長沼",station,35.6427981,139.3659307
n3622405815,"高尾",station,35.6416600,139.2816337
n3622405816,"高尾",station,35.6423428,139.2826625
n676637945,"高尾山",station,35.6310943,139.2560936
n6003241794,"高尾山口",station,35.6325002,139.2699078
